time,sentiment,closing price,highest price,lowest price,opening price,before closing,change,quote change,turnover rate,turnover volume,turnover,total market capitalization,circulation market value
2015-1-5,1.073020543999999,16.02,16.28,15.6,15.99,15.84,1.0,1.1364,2.9079,286043643.0,4565387846.0,183000000000.0,158000000000.0
2015-1-6,-2.3198419480000005,15.78,16.39,15.55,15.85,16.02,0.0,-1.4981,2.2024,216642140.0,3453446168.0,180000000000.0,155000000000.0
2015-1-7,-1.4141046459999997,15.48,15.83,15.3,15.56,15.78,0.0,-1.9011,1.7283,170012067.0,2634796409.0,177000000000.0,152000000000.0
2015-1-8,-1.3654512760000004,14.96,15.57,14.9,15.5,15.48,0.0,-3.3592,1.4311,140771421.0,2128003432.0,171000000000.0,147000000000.0
2015-1-9,-1.02539025,15.08,15.87,14.71,14.9,14.96,1.0,0.8021,2.5501,250850023.0,3835378100.0,172000000000.0,148000000000.0
2015-1-12,-0.6536438980000004,14.77,15.05,14.5,14.87,15.08,0.0,-2.0557,1.5791,155329086.0,2293104602.0,169000000000.0,145000000000.0
2015-1-13,-0.08741597400000084,14.68,14.9,14.61,14.65,14.77,0.0,-0.6093,0.8304,81687477.0,1204987149.0,168000000000.0,144000000000.0
2015-1-14,0.9538783299999976,14.81,15.2,14.7,14.78,14.68,1.0,0.8856,1.284,126302964.0,1889296679.0,169000000000.0,146000000000.0
2015-1-15,-1.3302378960000008,15.35,15.35,14.71,14.85,14.81,1.0,3.6462,1.2628,124217032.0,1868795910.0,175000000000.0,151000000000.0
2015-1-16,-3.275741282,15.37,15.62,15.18,15.4,15.35,1.0,0.1303,1.5817,155584633.0,2403346195.0,176000000000.0,151000000000.0
2015-1-19,-1.107949252,13.83,14.57,13.83,14.01,15.37,0.0,-10.0195,2.1726,213712366.0,3016203087.0,158000000000.0,136000000000.0
2015-1-20,-0.4960976860000006,13.83,14.06,13.56,13.83,13.83,0.0,0.0,1.5158,149101811.0,2064280555.0,158000000000.0,136000000000.0
2015-1-21,1.264666813999999,14.42,14.6,13.75,13.88,13.83,1.0,4.2661,1.9727,194053037.0,2758192757.0,165000000000.0,142000000000.0
2015-1-22,-1.774158378,14.3,14.52,14.16,14.34,14.42,0.0,-0.8322,1.2758,125501611.0,1801436255.0,163000000000.0,141000000000.0
2015-1-23,-1.6427160219999997,14.4,14.63,14.3,14.36,14.3,1.0,0.6993,1.4834,145918192.0,2108746796.0,165000000000.0,142000000000.0
2015-1-26,0.4422088219999989,14.34,14.44,14.16,14.36,14.4,0.0,-0.4167,1.0752,105760580.0,1508446593.0,164000000000.0,141000000000.0
2015-1-27,-0.3934953300000005,13.99,14.37,13.83,14.35,14.34,0.0,-2.4407,1.3617,133949466.0,1881058965.0,160000000000.0,138000000000.0
2015-1-28,0.7055372899999984,14.06,14.3,13.8,13.87,13.99,1.0,0.5004,1.2615,124087755.0,1742175736.0,161000000000.0,138000000000.0
2015-1-29,-2.5868833700000007,13.9,14.01,13.75,13.82,14.06,0.0,-1.138,1.0336,101675329.0,1408825356.0,159000000000.0,137000000000.0
2015-1-30,-0.5519851860000001,13.93,14.12,13.76,13.93,13.9,1.0,0.2158,0.9456,93011669.0,1298735719.0,159000000000.0,137000000000.0
2015-2-2,0.6300882959999988,13.63,13.8,13.55,13.6,13.93,0.0,-2.1536,0.8752,86093216.0,1176949560.0,156000000000.0,134000000000.0
2015-2-3,-2.063208524,13.95,13.99,13.62,13.78,13.63,1.0,2.3478,0.898,88334914.0,1217876590.0,159000000000.0,137000000000.0
2015-2-4,1.6126394739999976,13.71,14.04,13.7,14.0,13.95,0.0,-1.7204,0.821,80762311.0,1122666755.0,157000000000.0,135000000000.0
2015-2-5,0.7196356799999989,13.79,14.43,13.76,14.3,13.71,1.0,0.5835,1.9455,191372916.0,2710523886.0,158000000000.0,136000000000.0
2015-2-6,0.4423002559999996,13.51,13.95,13.4,13.69,13.79,0.0,-2.0305,1.0475,103040856.0,1411298590.0,154000000000.0,133000000000.0
2015-2-9,-3.1132081000000005,13.52,13.68,13.22,13.5,13.51,1.0,0.07400000000000001,0.9623,94658628.0,1273141160.0,154000000000.0,133000000000.0
2015-2-10,-0.6516379760000003,13.77,13.82,13.42,13.49,13.52,1.0,1.8491,0.7369,72487537.0,991823743.8,157000000000.0,135000000000.0
2015-2-11,-0.3181148420000007,13.73,13.85,13.68,13.78,13.77,0.0,-0.2905,0.5636,55434951.0,763414581.5,157000000000.0,135000000000.0
2015-2-12,0.6439621639999986,13.86,13.9,13.62,13.75,13.73,1.0,0.9468,0.6188,60871568.0,838611239.4,158000000000.0,136000000000.0
2015-2-13,0.11739253999999971,13.95,14.18,13.84,13.93,13.86,1.0,0.6494,0.9025,88774310.0,1244514794.0,159000000000.0,137000000000.0
2015-2-16,0.36715079999999967,13.92,14.01,13.73,13.95,13.95,0.0,-0.2151,0.7332,72120239.0,999898468.8,159000000000.0,137000000000.0
2015-2-17,-0.46340560400000086,13.99,14.11,13.93,13.96,13.92,1.0,0.5029,0.6918,68049159.0,954430237.8,160000000000.0,138000000000.0
2015-2-25,0.41705126199999937,13.8,14.05,13.76,14.04,13.99,0.0,-1.3581,0.5870000000000001,57739233.0,799193628.9,158000000000.0,136000000000.0
2015-2-26,-1.5635810860000001,14.07,14.08,13.6,13.8,13.8,1.0,1.9565,1.0426,102554424.0,1424064862.0,161000000000.0,138000000000.0
2015-2-27,-2.23378128,13.99,14.16,13.96,14.06,14.07,0.0,-0.5686,0.8067,79357014.0,1115146053.0,160000000000.0,138000000000.0
2015-3-2,-0.7069628999999997,14.03,14.09,13.87,14.03,13.99,1.0,0.2859,1.0357,101879700.0,1423603269.0,160000000000.0,138000000000.0
2015-3-3,-2.1609249159999995,13.6,13.98,13.59,13.98,14.03,0.0,-3.0649,1.0771,105947629.0,1457305035.0,155000000000.0,134000000000.0
2015-3-4,0.38793298,13.57,13.72,13.5,13.62,13.6,0.0,-0.2206,0.8285,81497304.0,1108145419.0,155000000000.0,133000000000.0
2015-3-5,1.2822139859999995,13.38,13.53,13.29,13.5,13.57,0.0,-1.4001,0.8424,82860485.0,1109151960.0,153000000000.0,132000000000.0
2015-3-6,-2.7821139820000003,13.44,13.51,13.35,13.37,13.38,1.0,0.4484,0.5663,55704774.0,748959127.7,154000000000.0,132000000000.0
2015-3-9,-0.973994908,14.15,14.34,13.32,13.47,13.44,1.0,5.2827,2.2419,220532361.0,3067985541.0,162000000000.0,139000000000.0
2015-3-10,-2.52179397,13.77,14.12,13.77,14.0,14.15,0.0,-2.6855,1.4087,138570630.0,1927581939.0,157000000000.0,135000000000.0
2015-3-11,-2.1591606820000004,13.86,14.08,13.79,13.79,13.77,1.0,0.6536,0.9183,90335413.0,1258356122.0,158000000000.0,136000000000.0
2015-3-12,-0.38892655200000076,14.6,14.96,14.08,14.2,13.86,1.0,5.3391,3.36,330513720.0,4805590363.0,167000000000.0,144000000000.0
2015-3-13,-2.9863075540000006,14.99,15.61,14.8,14.9,14.6,1.0,2.6712,3.2165,316398835.0,4799935195.0,171000000000.0,147000000000.0
2015-3-16,-0.2984857719999998,15.41,15.5,14.92,15.1,14.99,1.0,2.8019,2.2553,221847246.0,3387198610.0,176000000000.0,152000000000.0
2015-3-17,-0.8681543639999999,15.4,15.8,15.25,15.51,15.41,0.0,-0.0649,1.9924,195984187.0,3020408698.0,176000000000.0,151000000000.0
2015-3-18,-0.1265239400000004,15.51,15.58,15.29,15.36,15.4,1.0,0.7143,1.8614,183100067.0,2823982778.0,177000000000.0,153000000000.0
2015-3-19,-0.33961664200000047,15.19,15.48,15.12,15.48,15.51,0.0,-2.0632,1.6065,158030028.0,2413982124.0,174000000000.0,149000000000.0
2015-3-20,-0.43323225400000076,15.32,15.55,15.06,15.19,15.19,1.0,0.8558,2.0092,197639447.0,3027315328.0,175000000000.0,151000000000.0
2015-3-23,-0.9490509880000005,15.43,15.56,15.33,15.33,15.32,1.0,0.718,1.8116,178205583.0,2750596675.0,176000000000.0,152000000000.0
2015-3-24,-0.9261279380000003,15.35,15.59,15.22,15.43,15.43,0.0,-0.5185,1.5851,155919347.0,2396553386.0,175000000000.0,151000000000.0
2015-3-25,0.35459096199999895,14.91,15.32,14.89,15.28,15.35,0.0,-2.8664,1.6179,159146801.0,2396613997.0,170000000000.0,147000000000.0
2015-3-26,-1.0048704599999998,15.11,15.42,14.71,14.86,14.91,1.0,1.3414,1.5126,148789158.0,2246003758.0,173000000000.0,149000000000.0
2015-3-27,0.5817579279999985,15.08,15.29,14.86,15.1,15.11,0.0,-0.1985,1.065,104763887.0,1577607058.0,172000000000.0,148000000000.0
2015-3-30,-3.10848577,15.66,15.94,15.1,15.23,15.08,1.0,3.8462,2.6255,258261368.0,4014724426.0,179000000000.0,154000000000.0
2015-3-31,0.06241352199999978,15.75,16.6,15.63,16.04,15.66,1.0,0.5747,2.7786,273318321.0,4393135215.0,180000000000.0,155000000000.0
2015-4-1,-0.5409622980000016,15.96,16.14,15.55,15.82,15.75,1.0,1.3333,1.6706,164331641.0,2608976850.0,182000000000.0,157000000000.0
2015-4-2,-1.012222108000001,15.8,16.14,15.62,16.09,15.96,0.0,-1.0025,1.4292,140583742.0,2222670593.0,181000000000.0,155000000000.0
2015-4-3,-0.5584106259999997,15.85,15.94,15.61,15.7,15.8,1.0,0.3165,1.4588,143494132.0,2262844473.0,181000000000.0,156000000000.0
2015-4-7,-0.7619801880000001,16.81,16.96,16.15,16.15,15.85,1.0,6.0568,3.0096,296047228.0,4898119463.0,192000000000.0,165000000000.0
2015-4-8,-1.0768851140000009,17.92,18.08,16.65,16.93,16.81,1.0,6.6032,3.4276,337164631.0,5784459039.0,205000000000.0,176000000000.0
2015-4-9,-1.6059607440000003,18.0,19.05,17.73,17.95,17.92,1.0,0.4464,3.2257,317306325.0,5794631957.0,206000000000.0,177000000000.0
2015-4-10,-1.4543291379999999,19.8,19.8,17.85,18.0,18.0,1.0,10.0,3.3957,334020979.0,6339648863.0,226000000000.0,195000000000.0
2015-4-13,-0.6402131460000012,16.54,17.16,16.15,17.0,16.36,1.0,1.1002,4.0725,480715321.0,8021097202.0,227000000000.0,195000000000.0
2015-4-14,-0.30926866200000086,16.3,16.5,16.1,16.5,16.54,0.0,-1.4509999999999998,2.0945,247237501.0,4020209605.0,223000000000.0,192000000000.0
2015-4-15,-0.09895051200000021,16.65,17.28,16.1,16.3,16.3,1.0,2.1472,2.8953,341764203.0,5746875159.0,228000000000.0,197000000000.0
2015-4-16,-0.6134886380000005,17.0,17.1,16.25,16.34,16.65,1.0,2.1021,2.0903,246740721.0,4102824562.0,233000000000.0,201000000000.0
2015-4-17,0.7243515899999999,16.93,17.5,16.8,17.5,17.0,0.0,-0.4118,2.2107,260952337.0,4447333030.0,232000000000.0,200000000000.0
2015-4-20,0.04535880399999917,16.3,17.2,16.16,17.1,16.93,0.0,-3.7212,2.9204,344725740.0,5776437953.0,223000000000.0,192000000000.0
2015-4-21,0.26510450199999885,16.56,16.7,15.98,16.32,16.3,1.0,1.5951,2.0467,241593696.0,3943357049.0,227000000000.0,195000000000.0
2015-4-22,-0.5397444079999999,16.95,16.98,16.5,16.58,16.56,1.0,2.3551,2.3493,277314172.0,4640335830.0,232000000000.0,200000000000.0
2015-4-23,-0.32666205000000004,16.66,17.04,16.56,16.98,16.95,0.0,-1.7109,1.9652,231968840.0,3893522074.0,228000000000.0,197000000000.0
2015-4-24,-3.902877996000001,16.14,16.51,16.01,16.3,16.66,0.0,-3.1212,2.0695,244283692.0,3959606490.0,221000000000.0,191000000000.0
2015-4-27,-1.1034501960000005,16.42,16.6,16.2,16.21,16.14,1.0,1.7348,2.0845,246056358.0,4027939225.0,225000000000.0,194000000000.0
2015-4-28,-0.6975127900000001,16.7,17.38,16.22,16.45,16.42,1.0,1.7052,4.0355,476354406.0,8014319270.0,229000000000.0,197000000000.0
2015-4-29,-0.4803671900000003,16.65,16.75,16.2,16.66,16.7,0.0,-0.2994,1.8224,215118839.0,3550493337.0,228000000000.0,197000000000.0
2015-4-30,0.09657979999999883,16.7,17.26,16.68,16.83,16.65,1.0,0.3003,2.4488,289063541.0,4899379904.0,229000000000.0,197000000000.0
2015-5-4,-1.4048576300000004,16.52,16.7,16.28,16.7,16.7,0.0,-1.0778,1.2094,142757511.0,2351547449.0,226000000000.0,195000000000.0
2015-5-5,-0.8808481320000001,15.86,16.52,15.5,16.41,16.52,0.0,-3.9952,1.9479,229934173.0,3685372405.0,217000000000.0,187000000000.0
2015-5-6,-0.2213972740000003,15.72,16.3,15.49,15.82,15.86,0.0,-0.8827,1.6519,194991108.0,3107565652.0,216000000000.0,186000000000.0
2015-5-7,-1.9326754400000001,15.67,15.88,15.5,15.72,15.72,0.0,-0.3181,1.0663,125870751.0,1968941844.0,215000000000.0,185000000000.0
2015-5-8,-0.48900895200000083,15.85,15.98,15.5,15.71,15.67,1.0,1.1487,1.1644,137446840.0,2163108920.0,217000000000.0,187000000000.0
2015-5-11,-0.9770548180000006,16.03,16.12,15.49,15.8,15.85,1.0,1.1356,1.7986,212307724.0,3349066840.0,220000000000.0,189000000000.0
2015-5-12,-0.7721412060000005,15.96,16.18,15.65,15.98,16.03,0.0,-0.4367,1.6856,198965559.0,3166864485.0,219000000000.0,188000000000.0
2015-5-13,-0.007550816000000238,15.88,16.25,15.74,16.18,15.96,0.0,-0.5013,1.4881,175656158.0,2807445576.0,218000000000.0,187000000000.0
2015-5-14,0.4838497559999995,15.89,16.05,15.69,16.0,15.88,1.0,0.063,1.2182,143802764.0,2283604814.0,218000000000.0,188000000000.0
2015-5-15,-0.5852074720000007,15.45,15.88,15.27,15.8,15.89,0.0,-2.769,1.4848,175271651.0,2718885236.0,212000000000.0,182000000000.0
2015-5-18,-0.56309091,15.18,15.35,14.97,15.2,15.45,0.0,-1.7476,1.3022,153708421.0,2327558366.0,208000000000.0,179000000000.0
2015-5-19,-3.3615576280000004,15.59,15.74,15.05,15.17,15.18,1.0,2.7009,1.6247,191781267.0,2959557085.0,214000000000.0,184000000000.0
2015-5-20,-1.2344338080000004,15.74,16.15,15.6,16.01,15.59,1.0,0.9622,2.1939,258966691.0,4115472698.0,225000000000.0,186000000000.0
2015-5-21,-2.671529614,15.79,15.89,15.62,15.8,15.74,1.0,0.3177,1.1909999999999998,140584660.0,2214024936.0,226000000000.0,186000000000.0
2015-5-22,1.2720937859999988,16.27,16.3,15.82,15.91,15.79,1.0,3.0399,2.2212,262190776.0,4233675705.0,233000000000.0,192000000000.0
2015-5-25,-0.14466936200000097,16.6,16.71,16.35,16.35,16.27,1.0,2.0283,2.3131,273036950.0,4518316428.0,238000000000.0,196000000000.0
2015-5-26,-0.48920745600000004,16.62,16.7,16.28,16.63,16.6,1.0,0.1205,2.3655,279220875.0,4607493714.0,238000000000.0,196000000000.0
2015-5-27,-0.39064894599999994,16.48,16.91,16.4,16.62,16.62,0.0,-0.8424,1.9834,234121774.0,3888992246.0,236000000000.0,195000000000.0
2015-5-28,-0.2338340220000007,15.5,16.51,15.43,16.5,16.48,0.0,-5.9466,2.3154,273306115.0,4404154743.0,222000000000.0,183000000000.0
2015-5-29,-1.0902634160000009,15.32,15.67,15.11,15.51,15.5,0.0,-1.1613,1.707,201493291.0,3103543671.0,219000000000.0,181000000000.0
2015-6-1,-0.03754676400000029,15.9,15.98,15.19,15.33,15.32,1.0,3.7859,1.8285,215836230.0,3365459275.0,228000000000.0,188000000000.0
2015-6-2,-1.0093258119999997,15.77,15.9,15.52,15.89,15.9,0.0,-0.8176,1.6137,190482203.0,2991564978.0,226000000000.0,186000000000.0
2015-6-3,-1.2757138160000006,15.83,15.95,15.5,15.77,15.77,1.0,0.3805,1.6733,197523179.0,3103860651.0,227000000000.0,187000000000.0
2015-6-4,0.4049768940000001,16.37,16.58,15.66,15.85,15.83,1.0,3.4112,3.1197,368253272.0,5971846071.0,234000000000.0,193000000000.0
2015-6-5,-0.17435530599999988,16.3,16.8,16.03,16.7,16.37,0.0,-0.4276,2.419,285545624.0,4681142526.0,233000000000.0,192000000000.0
2015-6-8,0.13708529599999947,17.29,17.45,16.19,16.32,16.3,1.0,6.0736,4.3087,508605027.0,8596942094.0,247000000000.0,204000000000.0
2015-6-9,-0.20378394799999933,16.98,17.45,16.68,17.36,17.29,0.0,-1.7929,2.7846,328696753.0,5601775951.0,243000000000.0,200000000000.0
2015-6-10,-0.08817783600000034,16.68,16.93,16.53,16.8,16.98,0.0,-1.7668,1.8624,219838655.0,3679460605.0,239000000000.0,197000000000.0
2015-6-11,-0.22247277999999998,16.48,16.77,16.35,16.68,16.68,0.0,-1.199,1.4461,170696045.0,2811189687.0,236000000000.0,195000000000.0
2015-6-12,1.4168127599999991,16.51,16.63,16.31,16.48,16.48,1.0,0.182,1.6125,190338879.0,3131996559.0,236000000000.0,195000000000.0
2015-6-15,0.36400583199999975,15.92,16.6,15.9,16.53,16.51,0.0,-3.5736,1.8571,219217661.0,3547149535.0,228000000000.0,188000000000.0
2015-6-16,-0.9431356040000006,15.64,16.06,15.5,15.8,15.92,0.0,-1.7588,1.5352,181217984.0,2858213721.0,224000000000.0,185000000000.0
2015-6-17,-1.1795072760000007,15.73,15.89,15.45,15.83,15.64,1.0,0.5754,1.4537,171594225.0,2689990222.0,225000000000.0,186000000000.0
2015-6-18,-0.02864446199999965,15.38,15.68,15.01,15.68,15.73,0.0,-2.225,1.3576,160255482.0,2468466177.0,220000000000.0,182000000000.0
2015-6-19,-1.1639393020000008,14.63,15.39,14.5,15.25,15.38,0.0,-4.8765,1.3263,156552048.0,2345768674.0,209000000000.0,173000000000.0
2015-6-23,-1.4686638480000007,14.95,14.97,14.11,14.64,14.63,1.0,2.1873,1.5295,180548812.0,2643179924.0,214000000000.0,176000000000.0
2015-6-24,-0.5748012040000003,15.12,15.13,14.7,15.0,14.95,1.0,1.1371,1.2979,153199612.0,2290363605.0,216000000000.0,178000000000.0
2015-6-25,-0.12608012000000002,14.87,15.63,14.76,15.58,15.12,0.0,-1.6534,1.7614,207916488.0,3179774393.0,213000000000.0,176000000000.0
2015-6-26,-0.41167189400000026,13.77,14.95,13.38,14.64,14.87,0.0,-7.3974,2.1648,255532175.0,3623880485.0,197000000000.0,163000000000.0
2015-6-29,0.44455960999999933,13.56,14.15,12.75,14.08,13.77,0.0,-1.5251,2.2136,261294320.0,3570319306.0,194000000000.0,160000000000.0
2015-6-30,-0.5428018860000009,14.54,14.54,13.38,13.54,13.56,1.0,7.2271,2.1587,254810313.0,3572978441.0,208000000000.0,172000000000.0
2015-7-1,-0.5747571780000003,13.92,14.59,13.74,14.35,14.54,0.0,-4.2641,1.5549,183540616.0,2629096356.0,199000000000.0,164000000000.0
2015-7-2,0.016567273999998966,13.75,14.31,13.38,13.9,13.92,0.0,-1.2213,1.6798,198282626.0,2762337228.0,197000000000.0,162000000000.0
2015-7-3,-1.5565309840000001,13.07,13.99,12.79,13.98,13.75,0.0,-4.9455,2.2005,259745820.0,3473335630.0,187000000000.0,154000000000.0
2015-7-6,0.7032024140000002,13.88,14.31,13.29,14.3,13.07,1.0,6.1974,2.8647,338152667.0,4660186339.0,199000000000.0,164000000000.0
2015-7-7,-1.199120632,14.65,14.65,13.21,13.66,13.88,1.0,5.5476,4.0734,480831189.0,6808003723.0,210000000000.0,173000000000.0
2015-7-8,-0.04194936200000049,13.19,14.0,13.19,13.81,14.65,0.0,-9.9659,4.2330000000000005,499669694.0,6762103351.0,189000000000.0,156000000000.0
2015-7-9,-0.3266339180000007,14.26,14.44,12.11,13.19,13.19,1.0,8.1122,3.6804,434435542.0,5904698617.0,204000000000.0,168000000000.0
2015-7-10,-2.364102746000001,14.86,15.36,13.61,13.85,14.26,1.0,4.2076,3.9402,465098778.0,6891581207.0,213000000000.0,175000000000.0
2015-7-13,0.013171870000000169,14.44,14.89,14.12,14.4,14.86,0.0,-2.8264,2.7687,326819605.0,4737400471.0,207000000000.0,170000000000.0
2015-7-14,-0.6464848600000003,13.87,14.38,13.51,14.2,14.44,0.0,-3.9474,2.1859,258022955.0,3608580676.0,198000000000.0,164000000000.0
2015-7-15,-0.3339064480000003,13.58,13.96,13.4,13.66,13.87,0.0,-2.0908,1.3778,162642318.0,2225696913.0,194000000000.0,160000000000.0
2015-7-16,-0.5187356000000005,13.6,13.76,13.42,13.6,13.58,1.0,0.1473,1.1767,138893985.0,1884221625.0,195000000000.0,161000000000.0
2015-7-17,1.3324833979999977,13.82,13.94,13.53,13.66,13.6,1.0,1.6176,1.4238,168063766.0,2304999342.0,198000000000.0,163000000000.0
2015-7-20,-0.34365041600000124,13.6,13.8,13.53,13.8,13.82,0.0,-1.5919,1.151,135868308.0,1852316441.0,195000000000.0,161000000000.0
2015-7-21,-2.95926315,13.57,13.64,13.38,13.51,13.6,0.0,-0.2206,0.9587,113164352.0,1529148267.0,194000000000.0,160000000000.0
2015-7-22,-1.603535340000001,13.52,13.54,13.34,13.49,13.57,0.0,-0.3685,0.9642,113809062.0,1528783831.0,193000000000.0,160000000000.0
2015-7-23,-1.6091569080000006,13.67,13.75,13.41,13.46,13.52,1.0,1.1095,1.2569,148369614.0,2022035341.0,196000000000.0,161000000000.0
2015-7-24,-0.35275637000000026,13.38,13.7,13.32,13.68,13.67,0.0,-2.1214,1.1346,133930997.0,1815658962.0,191000000000.0,158000000000.0
2015-7-27,-2.503820836,12.44,13.32,12.04,13.25,13.38,0.0,-7.0254,1.5146,178785918.0,2289450165.0,178000000000.0,147000000000.0
2015-7-28,-2.2485173960000004,12.62,12.76,12.15,12.19,12.44,1.0,1.4469,1.7038,201120081.0,2509971532.0,181000000000.0,149000000000.0
2015-7-29,-0.5882581680000006,12.6,12.62,12.38,12.6,12.62,0.0,-0.1585,0.8232,97168292.0,1210759096.0,180000000000.0,149000000000.0
2015-7-30,-0.23067651800000138,12.26,12.64,12.23,12.61,12.6,0.0,-2.6984,0.6526,77027894.0,962337460.8,175000000000.0,145000000000.0
2015-7-31,-1.2946086620000008,12.36,12.42,12.02,12.16,12.26,1.0,0.8157,1.0189,120274687.0,1472860296.0,177000000000.0,146000000000.0
2015-8-3,0.22809204199999894,12.82,12.85,12.15,12.2,12.36,1.0,3.7217,1.1904,140512271.0,1757739733.0,183000000000.0,151000000000.0
2015-8-4,-1.0305933939999998,12.86,12.99,12.59,12.77,12.82,1.0,0.312,0.6565,77493758.0,988843500.5,184000000000.0,152000000000.0
2015-8-5,-1.410925616,12.59,12.95,12.57,12.8,12.86,0.0,-2.0995,0.4675,55180237.0,704539354.3,180000000000.0,149000000000.0
2015-8-6,0.21428856799999832,12.53,12.73,12.43,12.5,12.59,0.0,-0.4766,0.3814,45021845.0,567208519.2,179000000000.0,148000000000.0
2015-8-7,-1.215216030000001,12.61,12.72,12.54,12.61,12.53,1.0,0.6385,0.5269,62201030.0,785501392.0,180000000000.0,149000000000.0
2015-8-10,-3.401545654,12.92,12.99,12.55,12.66,12.61,1.0,2.4584,0.8922,105311195.0,1346325151.0,185000000000.0,153000000000.0
2015-8-11,-1.6623863620000003,12.84,12.95,12.79,12.91,12.92,0.0,-0.6192,0.7019,82849336.0,1065323949.0,184000000000.0,152000000000.0
2015-8-12,-1.7750948060000002,12.57,12.77,12.56,12.69,12.84,0.0,-2.1028,0.5819,68682207.0,869580822.8,180000000000.0,148000000000.0
2015-8-13,-3.1028050200000004,12.57,12.67,12.42,12.51,12.57,0.0,0.0,0.5137,60634441.0,760265710.3,180000000000.0,148000000000.0
2015-8-14,-0.46637334400000097,12.64,12.75,12.58,12.69,12.57,1.0,0.5569,0.6979,82378929.0,1043762738.0,181000000000.0,149000000000.0
2015-8-17,-0.6299052720000006,12.54,12.69,12.45,12.61,12.64,0.0,-0.7911,0.5758,67964257.0,852588992.0,179000000000.0,148000000000.0
2015-8-18,0.10828532599999899,12.27,12.74,11.95,12.5,12.54,0.0,-2.1531,0.9965,117632441.0,1459671045.0,176000000000.0,145000000000.0
2015-8-19,-1.7480450100000002,12.23,12.23,11.9,12.1,12.27,0.0,-0.326,0.8123,95889423.0,1157078548.0,175000000000.0,144000000000.0
2015-8-20,-3.3733774780000005,12.05,12.17,11.9,12.17,12.23,0.0,-1.4718,0.5741,67763439.0,815652760.5,172000000000.0,142000000000.0
2015-8-21,-0.40736885000000034,11.5,11.99,11.46,11.9,12.05,0.0,-4.5643,0.7907,93336784.0,1095668268.0,165000000000.0,136000000000.0
2015-8-24,-1.929832126,10.35,11.17,10.35,11.1,11.5,0.0,-10.0,1.286,151802968.0,1601529035.0,148000000000.0,122000000000.0
2015-8-25,-3.198959748,9.46,10.35,9.32,9.85,10.35,0.0,-8.599,1.8573,219233375.0,2122788585.0,135000000000.0,112000000000.0
2015-8-26,-0.7091314000000003,9.91,10.23,9.3,9.6,9.46,1.0,4.7569,2.1111,249191959.0,2460482141.0,142000000000.0,117000000000.0
2015-8-27,-0.5863025280000004,10.8,10.9,9.86,10.16,9.91,1.0,8.9808,1.5666,184923565.0,1912163266.0,155000000000.0,127000000000.0
2015-8-28,-0.9353269180000002,10.83,11.09,10.55,10.89,10.8,1.0,0.2778,1.3623,160802969.0,1728745630.0,155000000000.0,128000000000.0
2015-8-31,-0.5214818880000002,11.07,11.07,10.48,10.71,10.83,1.0,2.2161,1.2405,146429725.0,1578261442.0,158000000000.0,131000000000.0
2015-9-1,1.3653346199999996,11.57,11.61,10.61,10.9,11.07,1.0,4.5167,2.2515,265766135.0,3003860704.0,166000000000.0,137000000000.0
2015-9-2,-0.6516379760000003,11.84,12.0,11.06,11.18,11.57,1.0,2.3336,2.3854,281574676.0,3273803293.0,169000000000.0,140000000000.0
2015-9-7,0.13898425799999997,10.89,11.56,10.89,11.55,11.84,0.0,-8.0236,1.1658,137611064.0,1544055075.0,156000000000.0,129000000000.0
2015-9-8,-2.127522318,11.0,11.15,10.59,10.88,10.89,1.0,1.0101,0.6331,74729245.0,815241863.3,157000000000.0,130000000000.0
2015-9-9,-0.20191553600000073,11.1,11.19,10.88,11.03,11.0,1.0,0.9091,0.721,85107389.0,940582957.0,159000000000.0,131000000000.0
2015-9-10,-2.940190946,11.05,11.18,10.94,11.0,11.1,0.0,-0.4505,0.3941,46520563.0,514578386.5,158000000000.0,130000000000.0
2015-9-11,-1.8539540120000009,10.96,11.12,10.88,11.02,11.05,0.0,-0.8145,0.3613,42645078.0,469297504.8,157000000000.0,129000000000.0
2015-9-14,-0.6057163159999998,10.87,11.0,10.45,10.99,10.96,0.0,-0.8212,0.6408,75645273.0,813927117.1,156000000000.0,128000000000.0
2015-9-15,-2.749308126,10.57,10.85,10.5,10.69,10.87,0.0,-2.7599,0.4599,54283900.0,579042247.0,151000000000.0,125000000000.0
2015-9-16,0.3757357519999989,10.9,11.08,10.52,10.59,10.57,1.0,3.122,0.4822,56924377.0,612767028.6,156000000000.0,129000000000.0
2015-9-17,-0.9205129219999998,10.77,11.14,10.77,10.85,10.9,0.0,-1.1927,0.5259,62079854.0,682338188.7,154000000000.0,127000000000.0
2015-9-18,-0.43080688600000017,10.81,10.96,10.73,10.84,10.77,1.0,0.3714,0.2696,31827282.0,345063783.7,155000000000.0,128000000000.0
2015-9-21,-0.26274927400000087,10.82,10.89,10.65,10.7,10.81,1.0,0.0925,0.3271,38611111.0,416851084.5,155000000000.0,128000000000.0
2015-9-22,0.4621464619999998,10.96,11.06,10.82,10.83,10.82,1.0,1.2939,0.4176,49295560.0,541007302.4,157000000000.0,129000000000.0
2015-9-23,-0.5761870320000005,10.7,10.91,10.68,10.86,10.96,0.0,-2.3723,0.3144,37115084.0,399583544.6,153000000000.0,126000000000.0
2015-9-24,-0.4254158280000008,10.71,10.81,10.67,10.76,10.7,1.0,0.0935,0.2191,25863255.0,277274187.9,153000000000.0,126000000000.0
2015-9-25,-0.6655420620000004,10.55,10.71,10.45,10.69,10.71,0.0,-1.4939,0.3782,44642060.0,471537653.0,151000000000.0,125000000000.0
2015-9-28,-0.6178010800000006,10.53,10.59,10.43,10.56,10.55,0.0,-0.1896,0.1687,19908727.0,209186171.5,151000000000.0,124000000000.0
2015-9-29,-0.1821534900000002,10.38,10.56,10.32,10.45,10.53,0.0,-1.4245,0.2826,33360356.0,347612298.6,149000000000.0,123000000000.0
2015-9-30,-1.0286704540000007,10.49,10.59,10.39,10.4,10.38,1.0,1.0597,0.3089,36465973.0,383230180.0,150000000000.0,124000000000.0
2015-10-8,-0.7207851760000009,10.7,10.89,10.7,10.85,10.49,1.0,2.0019,0.4186,49407085.0,533806134.1,153000000000.0,126000000000.0
2015-10-9,-1.1749725700000009,10.9,10.95,10.72,10.75,10.7,1.0,1.8692,0.4021,47461206.0,516310498.0,156000000000.0,129000000000.0
2015-10-12,-1.3700937840000007,11.23,11.38,10.91,10.96,10.9,1.0,3.0275,0.7198,84966515.0,950602307.7,161000000000.0,133000000000.0
2015-10-13,-0.4269195080000002,11.13,11.26,11.09,11.2,11.23,0.0,-0.8905,0.3048,35979819.0,401600928.8,159000000000.0,131000000000.0
2015-10-14,-1.2698285100000009,10.98,11.15,10.94,11.04,11.13,0.0,-1.3477,0.3549,41898065.0,462963473.8,157000000000.0,130000000000.0
2015-10-15,-1.4833032839999998,11.17,11.17,10.94,10.95,10.98,1.0,1.7304,0.4116,48590050.0,539103671.6,160000000000.0,132000000000.0
2015-10-16,-1.633937060000001,11.23,11.3,11.16,11.21,11.17,1.0,0.5372,0.4829,57000145.0,640488894.1,161000000000.0,133000000000.0
2015-10-19,-0.2126514820000005,11.26,11.35,11.15,11.27,11.23,1.0,0.2671,0.6128,72337153.0,814910975.0,161000000000.0,133000000000.0
2015-10-20,-0.2875294260000008,11.32,11.38,11.19,11.2,11.26,1.0,0.5329,0.6059,71516328.0,807642379.7,162000000000.0,134000000000.0
2015-10-21,0.23143401400000013,11.22,11.75,11.18,11.29,11.32,0.0,-0.8834,1.129,133262904.0,1523591977.0,161000000000.0,132000000000.0
2015-10-22,-1.7473821920000012,11.33,11.4,11.18,11.25,11.22,1.0,0.9804,0.6971,82280573.0,928960028.8,162000000000.0,134000000000.0
2015-10-23,1.5641935019999984,11.47,11.53,11.34,11.39,11.33,1.0,1.2357,0.7942,93742511.0,1073981531.0,164000000000.0,135000000000.0
2015-10-26,-1.2946086620000008,11.52,11.81,11.44,11.6,11.47,1.0,0.4359,0.92,108591754.0,1260872031.0,165000000000.0,136000000000.0
2015-10-27,-3.779640348000001,11.48,11.64,11.34,11.5,11.52,0.0,-0.3472,0.4917,58043637.0,664648826.8,164000000000.0,136000000000.0
2015-10-28,-1.170789252000001,11.27,11.48,11.25,11.46,11.48,0.0,-1.8293,0.4615,54481117.0,619790793.2,161000000000.0,133000000000.0
2015-10-29,-0.7872525440000003,11.27,11.36,11.25,11.3,11.27,0.0,0.0,0.2683,31670368.0,357830452.0,161000000000.0,133000000000.0
2015-10-30,-0.30699589599999955,11.36,11.42,11.27,11.3,11.27,1.0,0.7986,0.454,53593072.0,607980997.1,163000000000.0,134000000000.0
2015-11-2,-1.1839329840000006,11.14,11.32,11.1,11.27,11.36,0.0,-1.9366,0.4104,48443581.0,544000187.0,159000000000.0,131000000000.0
2015-11-3,-2.3756121,11.05,11.21,11.01,11.15,11.14,0.0,-0.8079,0.3315,39126518.0,434818762.6,158000000000.0,130000000000.0
2015-11-4,0.46061627399999866,11.69,11.7,11.05,11.08,11.05,1.0,5.7919,1.1075,130724419.0,1493255542.0,167000000000.0,138000000000.0
2015-11-5,-0.5514666200000012,12.07,12.57,11.55,11.6,11.69,1.0,3.2506,1.9419,229218980.0,2780266756.0,173000000000.0,142000000000.0
2015-11-6,-1.1658603120000006,12.39,12.41,11.92,12.02,12.07,1.0,2.6512,1.2396,146319495.0,1781331280.0,177000000000.0,146000000000.0
2015-11-9,-1.239996182000001,12.94,13.38,12.46,12.5,12.39,1.0,4.4391,2.045,241388779.0,3137641551.0,185000000000.0,153000000000.0
2015-11-10,-3.8523004300000006,12.75,13.07,12.61,12.8,12.94,0.0,-1.4683,0.9531,112502763.0,1438707530.0,182000000000.0,151000000000.0
2015-11-11,0.5896041839999998,12.55,12.78,12.38,12.7,12.75,0.0,-1.5686,0.8656,102173507.0,1280174417.0,180000000000.0,148000000000.0
2015-11-12,-1.0398376340000004,12.4,12.65,12.28,12.6,12.55,0.0,-1.1952,0.5686,67113962.0,833753298.1,177000000000.0,146000000000.0
2015-11-13,-1.6924288660000002,12.24,12.48,12.19,12.22,12.4,0.0,-1.2903,0.4978,58755504.0,722252994.2,175000000000.0,144000000000.0
2015-11-16,0.42705308599999997,12.34,12.39,12.09,12.13,12.24,1.0,0.8170000000000001,0.4743,55984871.0,685977382.9,177000000000.0,146000000000.0
2015-11-17,-4.2663545240000005,12.5,12.7,12.36,12.41,12.34,1.0,1.2966,0.8865,104648656.0,1315319787.0,179000000000.0,148000000000.0
2015-11-18,-1.4410992960000004,12.42,12.7,12.31,12.46,12.5,0.0,-0.64,0.6724,79370476.0,991513834.8,178000000000.0,147000000000.0
2015-11-19,-0.04241704200000035,12.5,12.51,12.33,12.4,12.42,1.0,0.6441,0.3991,47112067.0,585570983.3,179000000000.0,148000000000.0
2015-11-20,-1.1689700960000011,12.55,12.59,12.42,12.5,12.5,1.0,0.4,0.5066,59803634.0,747487174.7,180000000000.0,148000000000.0
2015-11-23,-0.6216920680000001,12.45,12.6,12.38,12.55,12.55,0.0,-0.7968,0.5151,60797531.0,760493340.7,178000000000.0,147000000000.0
2015-11-24,0.22352116600000022,12.28,12.45,12.16,12.41,12.45,0.0,-1.3655,0.5627,66421478.0,812675943.5,176000000000.0,145000000000.0
2015-11-25,-0.9195577440000001,12.32,12.37,12.17,12.21,12.28,1.0,0.3257,0.435,51346272.0,629507063.6,176000000000.0,145000000000.0
2015-11-26,-1.3379258360000006,12.23,12.38,12.2,12.36,12.32,0.0,-0.7305,0.4678,55221015.0,679692129.9,175000000000.0,144000000000.0
2015-11-27,0.45934616599999983,11.73,12.2,11.53,12.18,12.23,0.0,-4.0883,0.6168,72802594.0,867702430.6,168000000000.0,138000000000.0
2015-11-30,0.17061748599999954,11.74,11.87,11.5,11.72,11.73,1.0,0.0853,0.5579,65849389.0,770221398.4,168000000000.0,139000000000.0
2015-12-1,-0.2824830760000003,11.75,11.86,11.51,11.7,11.74,1.0,0.0852,0.5763,68025390.0,793118214.1,168000000000.0,139000000000.0
2015-12-2,-1.4504713960000002,12.51,12.64,11.66,11.7,11.75,1.0,6.4681,1.3688,161576086.0,1978750510.0,179000000000.0,148000000000.0
2015-12-3,-1.8236252160000004,12.45,12.75,12.25,12.39,12.51,0.0,-0.4796,1.208,142597678.0,1786008972.0,178000000000.0,147000000000.0
2015-12-4,-0.12156796800000075,12.12,12.38,12.08,12.31,12.45,0.0,-2.6506,0.6477,76453245.0,934906568.6,173000000000.0,143000000000.0
2015-12-7,-1.133129776,12.15,12.25,12.04,12.18,12.12,1.0,0.2475,0.3412,40279265.0,488370699.4,174000000000.0,143000000000.0
2015-12-8,-0.7822041439999999,11.96,12.09,11.9,12.07,12.15,0.0,-1.5638,0.4262,50310179.0,602568625.9,171000000000.0,141000000000.0
2015-12-9,-0.6853877280000004,11.99,12.12,11.9,11.92,11.96,1.0,0.2508,0.3638,42938435.0,515596474.9,172000000000.0,142000000000.0
2015-12-10,-1.8019946720000006,11.96,12.14,11.91,11.95,11.99,0.0,-0.2502,0.3538,41760358.0,502326072.6,171000000000.0,141000000000.0
2015-12-11,0.2234172499999993,11.83,11.92,11.73,11.91,11.96,0.0,-1.087,0.3215,37950803.0,448800941.4,169000000000.0,140000000000.0
2015-12-14,-0.10564409000000013,12.07,12.11,11.71,11.73,11.83,1.0,2.0287,0.4975,58723664.0,698791985.5,173000000000.0,142000000000.0
2015-12-15,0.2940298379999991,11.92,12.09,11.86,12.03,12.07,0.0,-1.2428,0.3088,36448735.0,436557693.7,171000000000.0,141000000000.0
2015-12-16,-1.1385516199999999,11.89,12.01,11.88,11.98,11.92,0.0,-0.2517,0.3327,39276282.0,468510259.2,170000000000.0,140000000000.0
2015-12-17,-0.7872226520000011,12.07,12.14,11.96,11.97,11.89,1.0,1.5139,0.5492,64827475.0,780891801.1,173000000000.0,142000000000.0
2015-12-18,-1.0410207800000006,12.23,12.55,12.02,12.03,12.07,1.0,1.3256,0.8666,102294474.0,1257360356.0,175000000000.0,144000000000.0
2015-12-21,-1.2511933580000005,12.51,12.72,12.11,12.14,12.23,1.0,2.2895,1.0853,128114213.0,1595741319.0,179000000000.0,148000000000.0
2015-12-22,-0.6484248020000004,12.43,12.62,12.38,12.5,12.51,0.0,-0.6395,0.5914,69809145.0,870121732.2,178000000000.0,147000000000.0
2015-12-23,0.19694501399999964,12.48,12.78,12.4,12.47,12.43,1.0,0.4023,0.8802,103901823.0,1302341538.0,179000000000.0,147000000000.0
2015-12-24,-0.7949154360000003,12.34,12.56,12.24,12.46,12.48,0.0,-1.1218,0.5424,64022964.0,791975824.6,177000000000.0,146000000000.0
2015-12-25,-1.4850123480000001,12.41,12.47,12.33,12.38,12.34,1.0,0.5673,0.3387,39984505.0,495638053.1,178000000000.0,146000000000.0
2015-12-28,-0.5894016300000001,11.98,12.46,11.98,12.43,12.41,0.0,-3.4649,0.6967,82240863.0,1003010207.0,171000000000.0,141000000000.0
2015-12-29,-0.6655420620000004,12.09,12.1,11.97,11.99,11.98,1.0,0.9182,0.5251,61980214.0,744718416.3,173000000000.0,143000000000.0
2015-12-30,-3.946280338,12.1,12.11,11.95,12.09,12.09,1.0,0.0827,0.4513,53266704.0,641277265.4,173000000000.0,143000000000.0
2015-12-31,-0.7329397240000002,11.99,12.13,11.98,12.1,12.1,0.0,-0.9091,0.4162,49125892.0,591643590.7,172000000000.0,142000000000.0
2016-1-4,-2.923425286,11.33,12.03,11.23,12.0,11.99,0.0,-5.5046,0.4774,56349787.0,660376153.1,162000000000.0,134000000000.0
2016-1-5,-2.218520156,11.4,11.57,11.15,11.27,11.33,1.0,0.6178,0.5619,66326995.0,755531353.7,163000000000.0,135000000000.0
2016-1-6,-1.29727281,11.53,11.56,11.39,11.42,11.4,1.0,1.1404,0.4369,51570644.0,591698520.4,165000000000.0,136000000000.0
2016-1-7,-1.7598283780000004,10.94,11.41,10.91,11.41,11.53,0.0,-5.1171,0.1481,17476110.0,194869493.5,157000000000.0,129000000000.0
2016-1-8,1.6188734759999996,11.12,11.29,10.9,11.21,10.94,1.0,1.6453,0.6333,74752758.0,831334546.2,159000000000.0,131000000000.0
2016-1-11,-3.8358221580000005,10.76,11.08,10.68,11.0,11.12,0.0,-3.2374,0.6201,73201399.0,800683641.0,154000000000.0,127000000000.0
2016-1-12,-2.1224038100000002,10.81,10.91,10.64,10.83,10.76,1.0,0.4647,0.4758,56164230.0,605970837.0,155000000000.0,128000000000.0
2016-1-13,0.5339828200000004,10.71,10.94,10.7,10.89,10.81,0.0,-0.9251,0.3318,39170948.0,424371697.7,153000000000.0,126000000000.0
2016-1-14,-1.834933372,10.77,10.8,10.48,10.59,10.71,1.0,0.5602,0.5645,66631454.0,708535004.7,154000000000.0,127000000000.0
2016-1-15,-3.0944870300000002,10.46,10.8,10.42,10.66,10.77,0.0,-2.8784,0.3797,44820214.0,474908142.0,150000000000.0,123000000000.0
2016-1-18,-2.8902316499999996,10.41,10.56,10.3,10.34,10.46,0.0,-0.478,0.3567,42104088.0,439917816.2,149000000000.0,123000000000.0
2016-1-19,-0.6882915680000001,10.71,10.78,10.41,10.45,10.41,1.0,2.8818,0.4245,50110908.0,532074699.5,153000000000.0,126000000000.0
2016-1-20,-2.2284321780000003,10.54,10.8,10.44,10.7,10.71,0.0,-1.5873,0.5115,60375250.0,640968946.9,151000000000.0,124000000000.0
2016-1-21,-4.35272391,10.32,10.75,10.32,10.48,10.54,0.0,-2.0873,0.5135,60614511.0,638127876.8,148000000000.0,122000000000.0
2016-1-22,-1.8362630440000003,10.4,10.45,10.22,10.4,10.32,1.0,0.7752,0.3954,46675214.0,482984450.4,149000000000.0,123000000000.0
2016-1-25,0.046813676000000304,10.37,10.44,10.33,10.4,10.4,0.0,-0.2885,0.3189,37643172.0,390734876.7,148000000000.0,122000000000.0
2016-1-26,-1.6762533640000001,9.87,10.32,9.86,10.32,10.37,0.0,-4.8216,0.5489,64790114.0,653561593.4,141000000000.0,117000000000.0
2016-1-27,0.48200048600000023,9.88,9.98,9.6,9.93,9.87,1.0,0.1013,0.4821,56903705.0,558510640.9,141000000000.0,117000000000.0
2016-1-28,-1.447708414,9.69,9.89,9.65,9.82,9.88,0.0,-1.9231,0.2563,30254078.0,296055319.2,139000000000.0,114000000000.0
2016-1-29,-3.7714865220000005,10.0,10.08,9.69,9.74,9.69,1.0,3.1992,0.4612,54443576.0,540544459.6,143000000000.0,118000000000.0
2016-2-1,-0.23471751200000013,9.8,10.01,9.74,9.98,10.0,0.0,-2.0,0.3539,41773214.0,412635642.6,140000000000.0,116000000000.0
2016-2-2,-1.836576732,9.95,10.03,9.78,9.8,9.8,1.0,1.5306,0.3127,36910416.0,367360499.7,142000000000.0,117000000000.0
2016-2-3,-1.8997336800000002,9.85,9.89,9.77,9.85,9.95,0.0,-1.005,0.2326,27457217.0,269997835.6,141000000000.0,116000000000.0
2016-2-4,-0.9525730540000003,9.95,10.0,9.88,9.89,9.85,1.0,1.0152,0.3161,37309947.0,370586187.5,142000000000.0,117000000000.0
2016-2-5,-1.508032568,9.92,9.97,9.91,9.96,9.95,0.0,-0.3015,0.2295,27089334.0,269184383.5,142000000000.0,117000000000.0
2016-2-15,-0.9706407980000005,9.79,9.85,9.65,9.66,9.92,0.0,-1.3105,0.2359,27849946.0,271173372.4,140000000000.0,116000000000.0
2016-2-16,-2.9848405880000004,10.01,10.03,9.83,9.84,9.79,1.0,2.2472,0.3629,42838638.0,427507774.2,143000000000.0,118000000000.0
2016-2-17,-2.120079104,10.15,10.22,9.99,10.03,10.01,1.0,1.3986,0.4957,58516706.0,590538918.8,145000000000.0,120000000000.0
2016-2-18,0.7712726200000002,10.09,10.22,10.09,10.18,10.15,0.0,-0.5911,0.3441,40617824.0,412337569.8,144000000000.0,119000000000.0
2016-2-19,-1.104724246,10.04,10.14,9.99,10.09,10.09,0.0,-0.4955,0.2702,31889825.0,320939652.0,144000000000.0,119000000000.0
2016-2-22,-4.111423514,10.29,10.31,10.06,10.13,10.04,1.0,2.49,0.5233,61773945.0,630251514.5,147000000000.0,121000000000.0
2016-2-23,-1.1639575200000005,10.12,10.29,10.05,10.29,10.29,0.0,-1.6521,0.3608,42587437.0,432315311.4,145000000000.0,119000000000.0
2016-2-24,-1.7599075240000004,10.15,10.15,10.01,10.06,10.12,1.0,0.2964,0.2542,30010360.0,302498026.1,145000000000.0,120000000000.0
2016-2-25,-3.020152038,9.67,10.13,9.6,10.12,10.15,0.0,-4.7291,0.527,62207284.0,615004743.3,138000000000.0,114000000000.0
2016-2-26,-0.623959082,9.79,9.83,9.66,9.77,9.67,1.0,1.241,0.3322,39215441.0,382634662.7,140000000000.0,116000000000.0
2016-2-29,-1.3078496240000002,9.56,9.81,9.42,9.79,9.79,0.0,-2.3493,0.4803,56689639.0,542183971.8,137000000000.0,113000000000.0
2016-3-1,-1.8107001880000007,9.7,9.77,9.58,9.62,9.56,1.0,1.4644,0.3202,37791080.0,365149008.0,139000000000.0,114000000000.0
2016-3-2,-1.1535257680000002,10.1,10.13,9.72,9.75,9.7,1.0,4.1237,0.5732,67661373.0,673626229.3,145000000000.0,119000000000.0
2016-3-3,-3.016992478,10.11,10.18,10.04,10.09,10.1,1.0,0.099,0.4686,55308940.0,559045201.6,145000000000.0,119000000000.0
2016-3-4,0.15358695600000016,10.4,10.5,10.07,10.09,10.11,1.0,2.8684,1.1701,138124907.0,1429273063.0,149000000000.0,123000000000.0
2016-3-7,-4.24398546,10.34,10.49,10.3,10.35,10.4,0.0,-0.5769,0.5137,60635297.0,630155599.2,148000000000.0,122000000000.0
2016-3-8,-1.9294340019999998,10.28,10.36,9.94,10.36,10.34,0.0,-0.5803,0.5449,64315646.0,650471607.4,147000000000.0,121000000000.0
2016-3-9,-1.6558218980000001,10.17,10.22,10.04,10.14,10.28,0.0,-1.07,0.2761,32590065.0,330124892.4,146000000000.0,120000000000.0
2016-3-10,-1.222339254,10.15,10.35,10.13,10.24,10.17,0.0,-0.1967,0.4016,47402030.0,486414240.7,145000000000.0,120000000000.0
2016-3-11,-3.047409464,10.16,10.22,10.04,10.1,10.15,1.0,0.0985,0.3251,38373672.0,389638934.2,145000000000.0,120000000000.0
2016-3-14,-1.364171722,10.26,10.46,10.21,10.21,10.16,1.0,0.9843,0.555,65515822.0,679161305.0,147000000000.0,121000000000.0
2016-3-15,0.3303901079999992,10.32,10.36,10.16,10.28,10.26,1.0,0.5848,0.354,41792037.0,428786691.8,148000000000.0,122000000000.0
2016-3-16,-1.1272907879999998,10.35,10.45,10.25,10.27,10.32,1.0,0.2907,0.5633,66488620.0,690087713.1,148000000000.0,122000000000.0
2016-3-17,-2.05167624,10.42,10.48,10.3,10.36,10.35,1.0,0.6763,0.5176,61099638.0,635181313.5,149000000000.0,123000000000.0
2016-3-18,0.0642987299999993,10.54,10.57,10.4,10.42,10.42,1.0,1.1516,0.6754,79721581.0,836565552.8,151000000000.0,124000000000.0
2016-3-21,-2.792956948,10.8,10.86,10.55,10.55,10.54,1.0,2.4668,0.7798,92043281.0,987764461.9,155000000000.0,127000000000.0
2016-3-22,-3.5910667660000004,10.72,10.94,10.69,10.77,10.8,0.0,-0.7407,0.5299,62548248.0,675406611.4,153000000000.0,127000000000.0
2016-3-23,-2.3726521400000005,10.7,10.77,10.61,10.71,10.72,0.0,-0.1866,0.3645,43027816.0,458963272.7,153000000000.0,126000000000.0
2016-3-24,-3.3408041960000006,10.52,10.63,10.5,10.61,10.7,0.0,-1.6822,0.3155,37240624.0,393411544.5,151000000000.0,124000000000.0
2016-3-25,0.9898856799999995,10.59,10.6,10.5,10.51,10.52,1.0,0.6654,0.2008,23707049.0,250338489.6,152000000000.0,125000000000.0
2016-3-28,-1.0952162160000007,10.48,10.65,10.45,10.62,10.59,0.0,-1.0387,0.3038,35862101.0,378973327.5,150000000000.0,124000000000.0
2016-3-29,-3.8107305380000005,10.43,10.52,10.38,10.51,10.48,0.0,-0.4771,0.2697,31831787.0,332422397.1,149000000000.0,123000000000.0
2016-3-30,-2.03897393,10.7,10.7,10.47,10.48,10.43,1.0,2.5887,0.4572,53969998.0,572627417.1,153000000000.0,126000000000.0
2016-3-31,-1.9165524060000005,10.64,10.75,10.64,10.71,10.7,0.0,-0.5607,0.3544,41838792.0,447266281.7,152000000000.0,126000000000.0
2016-4-1,-0.35460676600000074,10.66,10.69,10.5,10.62,10.64,1.0,0.188,0.3129,36934188.0,391830399.3,153000000000.0,126000000000.0
2016-4-5,-0.28888510799999967,10.7,10.81,10.5,10.62,10.66,1.0,0.3752,0.5018,59230864.0,632378859.3,153000000000.0,126000000000.0
2016-4-6,-1.8418896560000002,10.72,10.75,10.61,10.68,10.7,1.0,0.1869,0.3687,43525954.0,464962437.1,153000000000.0,127000000000.0
2016-4-7,-2.655238372,10.59,10.73,10.59,10.72,10.72,0.0,-1.2127,0.32,37771959.0,401949050.6,152000000000.0,125000000000.0
2016-4-8,0.9026975979999986,10.57,10.67,10.5,10.55,10.59,0.0,-0.1889,0.319,37655386.0,397998243.9,151000000000.0,125000000000.0
2016-4-11,-2.851393888,10.72,10.8,10.6,10.6,10.57,1.0,1.4191,0.6662,78638602.0,840486348.2,153000000000.0,127000000000.0
2016-4-12,-3.1822724660000006,10.67,10.71,10.62,10.7,10.72,0.0,-0.4664,0.253,29859954.0,318538001.8,153000000000.0,126000000000.0
2016-4-13,-1.1419423020000001,10.81,10.97,10.71,10.73,10.67,1.0,1.3121,0.7258,85676036.0,929858588.5,155000000000.0,128000000000.0
2016-4-14,-2.9329300320000007,10.84,10.9,10.79,10.88,10.81,1.0,0.2775,0.2742,32364630.0,350702741.5,155000000000.0,128000000000.0
2016-4-15,-2.0876213660000005,10.88,10.94,10.8,10.84,10.84,1.0,0.369,0.4212,49722404.0,541052858.4,156000000000.0,128000000000.0
2016-4-18,0.16118751799999903,10.73,10.85,10.73,10.82,10.88,0.0,-1.3787,0.2971,35065401.0,377791436.8,154000000000.0,127000000000.0
2016-4-19,-1.312756624,10.77,10.81,10.71,10.77,10.73,1.0,0.3728,0.1849,21823994.0,234479844.3,154000000000.0,127000000000.0
2016-4-20,-0.4811930419999999,10.52,10.78,10.36,10.77,10.77,0.0,-2.3213,0.5139,60658625.0,640149677.1,151000000000.0,124000000000.0
2016-4-21,-0.5896053260000006,10.51,10.63,10.45,10.52,10.52,0.0,-0.0951,0.4734,55879920.0,588731547.5,150000000000.0,124000000000.0
2016-4-22,-0.6969363360000003,10.55,10.62,10.41,10.46,10.51,1.0,0.3806,0.3047,35967712.0,379176139.3,151000000000.0,125000000000.0
2016-4-25,-1.7375685360000004,10.5,10.56,10.42,10.56,10.55,0.0,-0.4739,0.2959,34925775.0,366533376.7,150000000000.0,124000000000.0
2016-4-26,-3.3960014640000002,10.59,10.6,10.46,10.48,10.5,1.0,0.8571,0.2471,29169938.0,306962513.0,152000000000.0,125000000000.0
2016-4-27,-0.6597408220000003,10.57,10.61,10.52,10.58,10.59,0.0,-0.1889,0.2029,23955393.0,253308584.1,151000000000.0,125000000000.0
2016-4-28,-2.93503651,10.66,10.76,10.54,10.58,10.57,1.0,0.8515,0.3875,45746041.0,487261220.5,153000000000.0,126000000000.0
2016-4-29,-1.3311321600000006,10.57,10.64,10.55,10.64,10.66,0.0,-0.8443,0.3431,40497767.0,428582155.0,151000000000.0,125000000000.0
2016-5-3,0.03639325999999973,10.68,10.72,10.52,10.58,10.57,1.0,1.0407,0.4144,48910210.0,521137502.4,153000000000.0,126000000000.0
2016-5-4,-1.8620829620000001,10.72,10.75,10.66,10.68,10.68,1.0,0.3745,0.3494,41243559.0,441848167.7,153000000000.0,127000000000.0
2016-5-5,-2.5329955219999998,10.72,10.72,10.65,10.69,10.72,0.0,0.0,0.2029,23951683.0,256002095.9,153000000000.0,127000000000.0
2016-5-6,-1.5635543619999996,10.52,10.73,10.52,10.73,10.72,0.0,-1.8657,0.2936,34654514.0,367408584.5,151000000000.0,124000000000.0
2016-5-9,-2.8818491080000004,10.35,10.53,10.32,10.5,10.52,0.0,-1.616,0.3483,41117102.0,428356624.1,148000000000.0,122000000000.0
2016-5-10,-1.7549207180000002,10.28,10.37,10.27,10.34,10.35,0.0,-0.6763,0.2479,29259978.0,301767208.0,147000000000.0,121000000000.0
2016-5-11,-1.868240096,10.37,10.44,10.3,10.3,10.28,1.0,0.8755,0.2773,32728951.0,339005275.8,148000000000.0,122000000000.0
2016-5-12,-0.7154249400000002,10.38,10.4,10.25,10.31,10.37,1.0,0.0964,0.2761,32588550.0,336792700.6,149000000000.0,123000000000.0
2016-5-13,-2.2374051539999997,10.35,10.4,10.33,10.35,10.38,0.0,-0.289,0.1561,18426611.0,191007255.7,148000000000.0,122000000000.0
2016-5-16,1.4511686260000007,10.36,10.36,10.25,10.32,10.35,1.0,0.0966,0.1823,21522468.0,221931208.1,148000000000.0,122000000000.0
2016-5-17,-1.1430071119999998,10.3,10.37,10.24,10.36,10.36,0.0,-0.5792,0.2122,25042422.0,257859629.0,147000000000.0,122000000000.0
2016-5-18,0.29219863399999935,10.3,10.32,10.17,10.29,10.3,0.0,0.0,0.4525,53415062.0,547076639.4,147000000000.0,122000000000.0
2016-5-19,-1.0241074500000003,10.25,10.32,10.25,10.27,10.3,0.0,-0.4854,0.1447,17077776.0,175591500.4,147000000000.0,121000000000.0
2016-5-20,-2.394816882,10.3,10.33,10.19,10.24,10.25,1.0,0.4878,0.1751,20670377.0,212277642.0,147000000000.0,122000000000.0
2016-5-23,-1.752069386,10.28,10.34,10.25,10.33,10.3,0.0,-0.1942,0.2654,32364676.0,333300178.5,147000000000.0,125000000000.0
2016-5-24,-2.785488064,10.21,10.28,10.19,10.27,10.28,0.0,-0.6809,0.2127,25929404.0,265042286.9,146000000000.0,124000000000.0
2016-5-25,0.5929833319999989,10.23,10.28,10.19,10.25,10.21,1.0,0.1959,0.1675,20423540.0,209019882.7,146000000000.0,125000000000.0
2016-5-26,-2.8913684720000004,10.22,10.27,10.17,10.22,10.23,0.0,-0.0978,0.2144,26139653.0,266736775.8,146000000000.0,125000000000.0
2016-5-27,-3.6074361480000006,10.27,10.29,10.19,10.22,10.22,1.0,0.4892,0.1827,22281892.0,228377555.0,147000000000.0,125000000000.0
2016-5-30,-0.17509475200000046,10.28,10.28,10.2,10.25,10.27,1.0,0.0974,0.3124,38094687.0,390119748.2,147000000000.0,125000000000.0
2016-5-31,-3.5111001240000004,10.55,10.57,10.26,10.26,10.28,1.0,2.6265,0.7763,94646716.0,991668174.8,151000000000.0,129000000000.0
2016-6-1,-4.823476656,10.48,10.55,10.44,10.51,10.55,0.0,-0.6635,0.4566,55675091.0,584161145.1,150000000000.0,128000000000.0
2016-6-2,-3.674969038000001,10.46,10.48,10.42,10.47,10.48,0.0,-0.1908,0.2403,29303622.0,306269383.4,150000000000.0,128000000000.0
2016-6-3,-3.8918844860000004,10.5,10.52,10.41,10.47,10.46,1.0,0.3824,0.3472,42338929.0,443039581.0,150000000000.0,128000000000.0
2016-6-6,-2.358757756,10.51,10.53,10.45,10.51,10.5,1.0,0.0952,0.2775,33833201.0,354998364.1,150000000000.0,128000000000.0
2016-6-7,-2.372204488,10.52,10.53,10.48,10.52,10.51,1.0,0.0951,0.188,22928215.0,240887148.7,151000000000.0,128000000000.0
2016-6-8,-0.7046045640000003,10.5,10.54,10.46,10.54,10.52,0.0,-0.1901,0.22,26818824.0,281651740.9,150000000000.0,128000000000.0
2016-6-13,-3.159684282,10.33,10.47,10.33,10.46,10.5,0.0,-1.619,0.2828,34481683.0,358996277.5,148000000000.0,126000000000.0
2016-6-14,-1.3585370860000001,10.4,10.41,10.32,10.34,10.33,1.0,0.6776,0.2244,27363726.0,283578296.5,149000000000.0,127000000000.0
2016-6-15,-2.0419121440000003,10.44,10.48,10.32,10.33,10.4,1.0,0.3846,0.3102,37817241.0,394033686.1,149000000000.0,127000000000.0
2016-6-16,-2.475892228,8.57,8.6,8.53,8.57,8.57,0.0,0.0,0.2643,38667008.0,331192444.7,147000000000.0,125000000000.0
2016-6-17,-2.6007079500000003,8.58,8.61,8.54,8.57,8.57,1.0,0.1167,0.2154,31517300.0,270236698.0,147000000000.0,126000000000.0
2016-6-20,-1.5467286759999999,8.6,8.6,8.56,8.59,8.58,1.0,0.2331,0.185,27073158.0,232205297.9,148000000000.0,126000000000.0
2016-6-21,-4.608739744,8.61,8.65,8.58,8.61,8.6,1.0,0.1163,0.2602,38074985.0,327940703.4,148000000000.0,126000000000.0
2016-6-22,-2.017695158,8.73,8.73,8.58,8.6,8.61,1.0,1.3937,0.3267,47800201.0,413947368.6,150000000000.0,128000000000.0
2016-6-23,-3.18164382,8.66,8.7,8.63,8.67,8.73,0.0,-0.8018,0.2294,33561422.0,290490407.0,149000000000.0,127000000000.0
2016-6-24,-3.7037508080000006,8.57,8.7,8.52,8.64,8.66,0.0,-1.0393,0.2923,42766409.0,367771053.9,147000000000.0,125000000000.0
2016-6-27,-3.3158739060000006,8.61,8.64,8.54,8.57,8.57,1.0,0.4667,0.2223,32521418.0,280044073.2,148000000000.0,126000000000.0
2016-6-28,-2.681365334,8.63,8.64,8.56,8.58,8.61,1.0,0.2323,0.23,33651928.0,289122214.0,148000000000.0,126000000000.0
2016-6-29,-3.2366501100000002,8.69,8.69,8.62,8.63,8.63,1.0,0.6952,0.2526,36961156.0,319908689.6,149000000000.0,127000000000.0
2016-6-30,-3.376432216,8.7,8.74,8.66,8.69,8.69,1.0,0.1151,0.2476,36220487.0,315051854.7,149000000000.0,127000000000.0
2016-7-1,-2.0087052680000004,8.71,8.73,8.68,8.69,8.7,1.0,0.1149,0.2385,34893019.0,303652375.3,150000000000.0,127000000000.0
2016-7-4,-2.85954031,8.81,8.86,8.67,8.69,8.71,1.0,1.1481,0.4157,60825712.0,534656909.6,151000000000.0,129000000000.0
2016-7-5,-1.7057096440000001,8.81,8.83,8.77,8.8,8.81,0.0,0.0,0.2885,42203729.0,371422814.8,151000000000.0,129000000000.0
2016-7-6,-2.794154342,8.79,8.82,8.76,8.8,8.81,0.0,-0.227,0.2207,32295017.0,283827375.8,151000000000.0,129000000000.0
2016-7-7,-4.674216236,8.78,8.8,8.74,8.79,8.79,0.0,-0.1138,0.2138,31285308.0,274337185.8,151000000000.0,128000000000.0
2016-7-8,-2.324733818,8.74,8.79,8.73,8.79,8.78,0.0,-0.4556,0.1786,26134229.0,228778674.1,150000000000.0,128000000000.0
2016-7-11,-2.4024284180000004,8.75,8.79,8.74,8.75,8.74,1.0,0.1144,0.2497,36537252.0,320333760.7,150000000000.0,128000000000.0
2016-7-12,-2.239408132,8.88,8.89,8.74,8.75,8.75,1.0,1.4857,0.4865,71183240.0,627505578.4,152000000000.0,130000000000.0
2016-7-13,-2.2247139420000006,8.99,9.05,8.86,8.88,8.88,1.0,1.2387,0.5456,79828864.0,716797025.3,154000000000.0,132000000000.0
2016-7-14,-2.495131818,8.94,9.0,8.91,8.97,8.99,0.0,-0.5562,0.2458,35969939.0,321889343.3,154000000000.0,131000000000.0
2016-7-15,-3.0881410140000005,8.99,9.0,8.91,8.95,8.94,1.0,0.5593,0.2406,35203395.0,315555253.5,154000000000.0,132000000000.0
2016-7-18,-2.5655322019999995,9.04,9.08,8.97,8.99,8.99,1.0,0.5562,0.3465,50693492.0,457358031.4,155000000000.0,132000000000.0
2016-7-19,-0.12750909399999982,8.97,9.05,8.95,9.04,9.04,0.0,-0.7743,0.248,36278781.0,326046531.0,154000000000.0,131000000000.0
2016-7-20,-3.533277668,8.96,8.99,8.95,8.96,8.97,0.0,-0.1115,0.2125,31092641.0,278737194.1,154000000000.0,131000000000.0
2016-7-21,-2.692723448,8.99,9.01,8.95,8.95,8.96,1.0,0.3348,0.2326,34026127.0,305710332.8,154000000000.0,132000000000.0
2016-7-22,-4.812407524,8.94,8.99,8.92,8.99,8.99,0.0,-0.5562,0.202,29554964.0,264379250.4,154000000000.0,131000000000.0
2016-7-25,-4.417864582,8.98,8.98,8.91,8.93,8.94,1.0,0.4474,0.1809,26468286.0,236937494.1,154000000000.0,131000000000.0
2016-7-26,-2.8751165920000004,9.11,9.12,8.97,8.97,8.98,1.0,1.4477,0.3736,54655692.0,494506420.1,156000000000.0,133000000000.0
2016-7-27,-0.8334322000000001,9.01,9.17,8.91,9.12,9.11,0.0,-1.0977,0.5595,81867834.0,741263303.0,155000000000.0,132000000000.0
2016-7-28,-0.4426687639999998,9.08,9.11,8.97,8.98,9.01,1.0,0.7769,0.328,47991038.0,434490536.6,156000000000.0,133000000000.0
2016-7-29,-5.0167388079999995,9.2,9.24,9.03,9.08,9.08,1.0,1.3216,0.4589,67142534.0,614972669.3,158000000000.0,135000000000.0
2016-8-1,-3.056156658,9.28,9.34,9.17,9.18,9.2,1.0,0.8696,0.519,75932441.0,702466616.0,159000000000.0,136000000000.0
2016-8-2,-3.212160766,9.25,9.26,9.17,9.24,9.28,0.0,-0.3233,0.307,44916516.0,413484595.1,159000000000.0,135000000000.0
2016-8-3,-1.656909532,9.18,9.22,9.15,9.21,9.25,0.0,-0.7568,0.2902,42462218.0,389817535.1,158000000000.0,134000000000.0
2016-8-4,-1.42988514,8.99,9.18,8.93,9.17,9.18,0.0,-2.0697,0.9189,134446207.0,1210346974.0,154000000000.0,132000000000.0
2016-8-5,-1.67043098,9.04,9.07,8.95,8.99,8.99,1.0,0.5562,0.4962,72594819.0,654998092.9,155000000000.0,132000000000.0
2016-8-8,-0.6163269880000006,9.11,9.11,9.01,9.04,9.04,1.0,0.7743,0.2723,39847930.0,361191045.3,156000000000.0,133000000000.0
2016-8-9,-2.7054560679999997,9.15,9.15,9.07,9.09,9.11,1.0,0.4391,0.2841,41567631.0,378720688.3,157000000000.0,134000000000.0
2016-8-10,-2.28009089,9.14,9.18,9.12,9.15,9.15,0.0,-0.1093,0.2984,43665545.0,399656990.6,157000000000.0,134000000000.0
2016-8-11,-0.35612453799999955,9.22,9.35,9.13,9.14,9.14,1.0,0.8753,0.6394,93557601.0,866594867.9,158000000000.0,135000000000.0
2016-8-12,-1.658684896,9.5,9.53,9.18,9.2,9.22,1.0,3.0369,0.9364,137002155.0,1282336292.0,163000000000.0,139000000000.0
2016-8-15,-0.5650069279999997,9.68,9.8,9.51,9.55,9.5,1.0,1.8947,1.2969,189755226.0,1835196866.0,166000000000.0,142000000000.0
2016-8-16,-2.2674878740000004,9.52,9.68,9.46,9.68,9.68,0.0,-1.6529,0.7515,109955862.0,1050479545.0,163000000000.0,139000000000.0
2016-8-17,-3.9174547080000006,9.55,9.6,9.48,9.52,9.52,1.0,0.3151,0.3832,56072536.0,534926047.0,164000000000.0,140000000000.0
2016-8-18,-0.7992974479999995,9.5,9.59,9.43,9.56,9.55,0.0,-0.5236,0.4726,69150431.0,658183955.0,163000000000.0,139000000000.0
2016-8-19,-2.717585794,9.51,9.52,9.43,9.49,9.5,1.0,0.1053,0.3454,50533453.0,478779724.2,163000000000.0,139000000000.0
2016-8-22,-1.8624681600000004,9.4,9.51,9.36,9.5,9.51,0.0,-1.1567,0.6694,97943273.0,922426435.1,161000000000.0,138000000000.0
2016-8-23,-1.975641214,9.4,9.45,9.37,9.38,9.4,0.0,0.0,0.6087,89065673.0,838185900.6,161000000000.0,138000000000.0
2016-8-24,-2.70165219,9.43,9.43,9.38,9.41,9.4,1.0,0.3191,0.5005,73228127.0,688971683.1,162000000000.0,138000000000.0
2016-8-25,-0.2888811180000001,9.44,9.45,9.34,9.42,9.43,1.0,0.106,0.422,61738960.0,580648481.9,162000000000.0,138000000000.0
2016-8-26,-2.8610568160000005,9.45,9.47,9.4,9.45,9.44,1.0,0.1059,0.3433,50223385.0,473688076.6,162000000000.0,138000000000.0
2016-8-29,-3.3424815440000004,9.42,9.45,9.38,9.41,9.45,0.0,-0.3175,0.3863,56523188.0,532295362.0,162000000000.0,138000000000.0
2016-8-30,-2.785316976,9.47,9.47,9.41,9.42,9.42,1.0,0.5308,0.4067,59508123.0,561854066.3,163000000000.0,139000000000.0
2016-8-31,-0.3712105299999993,9.49,9.5,9.43,9.46,9.47,1.0,0.2112,0.3347,48974676.0,463875762.9,163000000000.0,139000000000.0
2016-9-1,-0.8859857780000002,9.45,9.52,9.42,9.49,9.49,0.0,-0.4215,0.3282,48013121.0,454848634.3,162000000000.0,138000000000.0
2016-9-2,-1.0632282180000001,9.45,9.46,9.42,9.43,9.45,0.0,0.0,0.2521,36879633.0,348054367.1,162000000000.0,138000000000.0
2016-9-5,-1.279837742,9.42,9.46,9.4,9.46,9.45,0.0,-0.3175,0.3212,46993656.0,443204803.6,162000000000.0,138000000000.0
2016-9-6,-1.7021346619999997,9.41,9.43,9.36,9.42,9.42,0.0,-0.1062,0.3928,57473833.0,539813283.6,162000000000.0,138000000000.0
2016-9-7,-3.1815704580000004,9.4,9.42,9.37,9.41,9.41,0.0,-0.1063,0.314,45937329.0,431984158.6,161000000000.0,138000000000.0
2016-9-8,-0.6296331159999997,9.4,9.42,9.38,9.39,9.4,0.0,0.0,0.2018,29521845.0,277503757.8,161000000000.0,138000000000.0
2016-9-9,-0.3000530999999996,9.38,9.43,9.36,9.4,9.4,0.0,-0.2128,0.2238,32743143.0,307527271.2,161000000000.0,137000000000.0
2016-9-12,-1.256411186,9.16,9.32,9.13,9.29,9.38,0.0,-2.3454,0.5171,75658173.0,697759184.1,157000000000.0,134000000000.0
2016-9-13,-4.3055921800000005,9.19,9.21,9.14,9.18,9.16,1.0,0.3275,0.315,46093142.0,423113832.0,158000000000.0,134000000000.0
2016-9-14,-0.8488196020000007,9.06,9.18,9.05,9.17,9.19,0.0,-1.4146,0.2881,42148125.0,384081266.5,156000000000.0,133000000000.0
2016-9-19,-3.101879410000001,9.12,9.14,9.05,9.05,9.06,1.0,0.6623,0.2422,35434870.0,322575925.9,157000000000.0,133000000000.0
2016-9-20,-0.44488843400000005,9.08,9.12,9.04,9.12,9.12,0.0,-0.4386,0.2985,43667897.0,396359321.3,156000000000.0,133000000000.0
2016-9-21,-2.6810894740000006,9.08,9.1,9.03,9.08,9.08,0.0,0.0,0.2773,40566533.0,367767497.5,156000000000.0,133000000000.0
2016-9-22,-1.508156616,9.16,9.18,9.09,9.1,9.08,1.0,0.8811,0.3381,49461323.0,451909020.5,157000000000.0,134000000000.0
2016-9-23,-1.6698142200000001,9.15,9.19,9.14,9.16,9.16,0.0,-0.1092,0.1974,28879877.0,264699513.1,157000000000.0,134000000000.0
2016-9-26,-2.225165098,9.04,9.13,9.04,9.13,9.15,0.0,-1.2022,0.3004,43948186.0,398771864.9,155000000000.0,132000000000.0
2016-9-27,-4.1617408760000005,9.06,9.07,9.01,9.04,9.04,1.0,0.2212,0.2743,40132367.0,362769231.0,156000000000.0,133000000000.0
2016-9-28,-0.93048996,9.05,9.06,9.03,9.06,9.06,0.0,-0.1104,0.1855,27136600.0,245499467.9,155000000000.0,132000000000.0
2016-9-29,-1.6203816600000003,9.06,9.08,9.05,9.05,9.05,1.0,0.1105,0.2075,30366429.0,275239667.4,156000000000.0,133000000000.0
2016-9-30,-2.5256520200000003,9.07,9.1,9.05,9.06,9.06,1.0,0.1104,0.2106,30808486.0,279526475.6,156000000000.0,133000000000.0
2016-10-10,-1.6333014420000003,9.12,9.17,9.08,9.1,9.07,1.0,0.5513,0.4179,61138159.0,557122276.5,157000000000.0,133000000000.0
2016-10-11,-0.29711429400000006,9.15,9.15,9.11,9.13,9.12,1.0,0.3289,0.2484,36337078.0,331886515.5,157000000000.0,134000000000.0
2016-10-12,-1.8670052959999999,9.13,9.16,9.12,9.14,9.15,0.0,-0.2186,0.1848,27031620.0,246995531.0,157000000000.0,134000000000.0
2016-10-13,-1.433701616,9.07,9.11,9.05,9.08,9.13,0.0,-0.6572,0.4322,63236796.0,574142476.3,156000000000.0,133000000000.0
2016-10-14,-0.3873812979999996,9.09,9.09,9.04,9.06,9.07,1.0,0.2205,0.2292,33541176.0,304218676.8,156000000000.0,133000000000.0
2016-10-17,-0.956607548,9.05,9.09,9.03,9.08,9.09,0.0,-0.44,0.2455,35922316.0,325582450.3,155000000000.0,132000000000.0
2016-10-18,-0.4224292580000008,9.09,9.09,9.03,9.03,9.05,1.0,0.442,0.4058,59373709.0,537784120.4,156000000000.0,133000000000.0
2016-10-19,-2.4409614800000003,9.08,9.11,9.05,9.09,9.09,0.0,-0.11,0.3299,48263616.0,438299029.5,156000000000.0,133000000000.0
2016-10-20,-4.603325746,9.07,9.09,9.05,9.08,9.08,0.0,-0.1101,0.2343,34284457.0,310966016.7,156000000000.0,133000000000.0
2016-10-21,-0.32684518800000006,9.13,9.13,9.06,9.08,9.07,1.0,0.6615,0.4674,68389677.0,621549845.0,157000000000.0,134000000000.0
2016-10-24,-2.9524545160000004,9.24,9.3,9.12,9.13,9.13,1.0,1.2048,0.6258,91567704.0,844746080.6,159000000000.0,135000000000.0
2016-10-25,-1.746994146,9.21,9.26,9.18,9.25,9.24,0.0,-0.3247,0.3423,50075292.0,461542701.1,158000000000.0,135000000000.0
2016-10-26,-2.1261277880000002,9.15,9.22,9.13,9.22,9.21,0.0,-0.6515,0.301,44045213.0,403750809.1,157000000000.0,134000000000.0
2016-10-27,-2.8730602520000006,9.16,9.17,9.12,9.16,9.15,1.0,0.1093,0.2215,32414055.0,296216914.8,157000000000.0,134000000000.0
2016-10-28,-2.5584551920000007,9.17,9.23,9.14,9.16,9.16,1.0,0.1092,0.3704,54199774.0,497615050.8,157000000000.0,134000000000.0
2016-10-31,-2.4886263600000005,9.15,9.16,9.09,9.15,9.17,0.0,-0.2181,0.3374,49359683.0,450148883.1,157000000000.0,134000000000.0
2016-11-1,-1.2083206039999999,9.14,9.16,9.11,9.14,9.15,0.0,-0.1093,0.3591,52541566.0,480117542.3,157000000000.0,134000000000.0
2016-11-2,-0.48594935200000006,9.07,9.14,9.05,9.14,9.14,0.0,-0.7659,0.433,63358600.0,576083788.2,156000000000.0,133000000000.0
2016-11-3,-3.085425588,9.13,9.14,9.05,9.06,9.07,1.0,0.6615,0.4216,61687113.0,561464947.2,157000000000.0,134000000000.0
2016-11-4,-1.039352402,9.11,9.17,9.1,9.11,9.13,0.0,-0.2191,0.3473,50811757.0,463831938.6,156000000000.0,133000000000.0
2016-11-7,-1.452408084,9.12,9.12,9.07,9.1,9.11,1.0,0.1098,0.3398,49724012.0,452447930.6,157000000000.0,133000000000.0
2016-11-8,-1.0855896620000005,9.15,9.15,9.1,9.12,9.12,1.0,0.3289,0.5514,80669498.0,736747217.1,157000000000.0,134000000000.0
2016-11-9,-1.2721057640000002,9.07,9.14,9.01,9.14,9.15,0.0,-0.8743,0.4939,72261671.0,656061960.7,156000000000.0,133000000000.0
2016-11-10,-1.09318791,9.14,9.16,9.1,9.1,9.07,1.0,0.7718,0.4320000000000001,63199874.0,576898452.7,157000000000.0,134000000000.0
2016-11-11,-3.079641888,9.18,9.18,9.11,9.14,9.14,1.0,0.4376,0.5552,81226969.0,742969896.6,158000000000.0,134000000000.0
2016-11-14,-2.169069036,9.22,9.25,9.16,9.16,9.18,1.0,0.4357,0.6664,97507875.0,898058354.0,158000000000.0,135000000000.0
2016-11-15,-2.772112324,9.23,9.24,9.18,9.2,9.22,1.0,0.1085,0.3789,55434298.0,510596178.4,158000000000.0,135000000000.0
2016-11-16,-2.2374657200000003,9.23,9.24,9.2,9.23,9.23,0.0,0.0,0.2842,41584240.0,383425739.9,158000000000.0,135000000000.0
2016-11-17,-2.650251442,9.21,9.22,9.18,9.22,9.23,0.0,-0.2167,0.3454,50532402.0,464611128.4,158000000000.0,135000000000.0
2016-11-18,-0.5345821000000004,9.18,9.21,9.16,9.21,9.21,0.0,-0.3257,0.3538,51759734.0,475289972.5,158000000000.0,134000000000.0
2016-11-21,1.0310360079999996,9.24,9.28,9.17,9.18,9.18,1.0,0.6536,0.5811,85024326.0,785475676.6,159000000000.0,135000000000.0
2016-11-22,-2.3069142320000005,9.36,9.36,9.23,9.24,9.24,1.0,1.2987,0.8067,118025694.0,1097408714.0,161000000000.0,137000000000.0
2016-11-23,-1.6753232380000003,9.45,9.56,9.34,9.34,9.36,1.0,0.9615,1.198,175286943.0,1660465709.0,162000000000.0,138000000000.0
2016-11-24,-0.644763896,9.47,9.52,9.42,9.44,9.45,1.0,0.2116,0.5329,77974884.0,738580569.3,163000000000.0,139000000000.0
2016-11-25,-1.2359972060000008,9.62,9.62,9.46,9.48,9.47,1.0,1.5839,0.6928,101367499.0,968127766.3,165000000000.0,141000000000.0
2016-11-28,-2.12819253,9.63,9.78,9.6,9.69,9.62,1.0,0.104,0.8746,127968924.0,1240686234.0,165000000000.0,141000000000.0
2016-11-29,-1.0535235700000003,9.62,9.7,9.55,9.59,9.63,0.0,-0.1038,0.6068,88777923.0,854308658.4,165000000000.0,141000000000.0
2016-11-30,-3.431840340000001,9.55,9.72,9.5,9.65,9.62,0.0,-0.7277,0.7012,102596305.0,985758449.8,164000000000.0,140000000000.0
2016-12-1,-2.7446435140000003,9.6,9.63,9.55,9.57,9.55,1.0,0.5236,0.4415,64600437.0,619633746.9,165000000000.0,140000000000.0
2016-12-2,-3.9478423379999996,9.55,9.6,9.44,9.6,9.6,0.0,-0.5208,0.5671,82968650.0,790044441.9,164000000000.0,140000000000.0
2016-12-5,-0.10396481999999976,9.46,9.54,9.41,9.5,9.55,0.0,-0.9424,0.5224,76436570.0,723222053.6,162000000000.0,138000000000.0
2016-12-6,-3.2064733560000005,9.49,9.52,9.45,9.48,9.46,1.0,0.3171,0.4121,60290276.0,571585177.5,163000000000.0,139000000000.0
2016-12-7,-1.5531171820000003,9.48,9.49,9.41,9.48,9.49,0.0,-0.1054,0.3372,49340476.0,466085503.4,163000000000.0,139000000000.0
2016-12-8,-2.479295948,9.52,9.55,9.43,9.5,9.48,1.0,0.4219,0.4589,67145216.0,638058504.1,163000000000.0,139000000000.0
2016-12-9,-2.144597682,9.65,9.75,9.48,9.5,9.52,1.0,1.3655,1.0349,151419915.0,1460778328.0,166000000000.0,141000000000.0
2016-12-12,-2.9942404920000003,9.5,9.77,9.44,9.65,9.65,0.0,-1.5544,0.8590000000000001,125687400.0,1206662617.0,163000000000.0,139000000000.0
2016-12-13,-2.4774590880000003,9.42,9.5,9.33,9.48,9.5,0.0,-0.8421,0.4414,64577157.0,607769965.6,162000000000.0,138000000000.0
2016-12-14,-1.866767066,9.4,9.51,9.4,9.42,9.42,0.0,-0.2123,0.4085,59770574.0,564787516.5,161000000000.0,138000000000.0
2016-12-15,-3.701611038000001,9.25,9.41,9.21,9.37,9.4,0.0,-1.5957,0.5656,82761287.0,767751835.6,159000000000.0,135000000000.0
2016-12-16,-2.1838871880000004,9.25,9.29,9.21,9.24,9.25,0.0,0.0,0.2712,39681397.0,366925349.3,159000000000.0,135000000000.0
2016-12-19,-3.34694809,9.2,9.23,9.17,9.22,9.25,0.0,-0.5405,0.3376,49401064.0,453899744.4,158000000000.0,135000000000.0
2016-12-20,-2.5490531900000004,9.11,9.2,9.08,9.2,9.2,0.0,-0.9783,0.4351,63663837.0,580118167.7,156000000000.0,133000000000.0
2016-12-21,-2.407130236,9.16,9.16,9.11,9.12,9.11,1.0,0.5488,0.2528,36992065.0,338201446.5,157000000000.0,134000000000.0
2016-12-22,-2.563427266,9.14,9.16,9.11,9.15,9.16,0.0,-0.2183,0.2333,34134124.0,311546856.9,157000000000.0,134000000000.0
2016-12-23,-1.5743087940000002,9.08,9.14,9.07,9.14,9.14,0.0,-0.6565,0.2617,38291216.0,348140451.4,156000000000.0,133000000000.0
2016-12-26,-3.848615776,9.12,9.13,9.02,9.06,9.08,1.0,0.4405,0.2064,30205896.0,273934287.2,157000000000.0,133000000000.0
2016-12-27,1.6262367979999999,9.08,9.13,9.07,9.12,9.12,0.0,-0.4386,0.1837,26884124.0,244788273.9,156000000000.0,133000000000.0
2016-12-28,-3.2257137580000004,9.06,9.11,9.04,9.08,9.08,0.0,-0.2203,0.2297,33605509.0,304898614.0,156000000000.0,133000000000.0
2016-12-29,-0.14554455200000016,9.08,9.09,9.05,9.07,9.06,1.0,0.2208,0.2315,33875853.0,307183503.3,156000000000.0,133000000000.0
2016-12-30,-2.6614618400000003,9.1,9.1,9.06,9.08,9.08,1.0,0.2203,0.2068,30260736.0,274882698.5,156000000000.0,133000000000.0
2017-10-10,-1.4491009380000004,11.47,11.5,11.33,11.33,11.3,1.0,1.5044,0.4421,74792530.0,853665849.1,197000000000.0,194000000000.0
2017-10-11,1.26925183,11.53,11.58,11.34,11.48,11.47,1.0,0.5231,0.389,65807758.0,756203405.4,198000000000.0,195000000000.0
2017-10-12,-1.764612986,11.55,11.58,11.47,11.54,11.53,1.0,0.1735,0.3417,57806531.0,667148377.7,198000000000.0,195000000000.0
2017-10-13,-3.0047724500000004,11.36,11.56,11.25,11.56,11.55,0.0,-1.645,0.4359,73737596.0,839662735.0,195000000000.0,192000000000.0
2017-10-16,-0.3614948860000004,11.59,11.6,11.29,11.36,11.36,1.0,2.0246,0.6125,103625064.0,1190724205.0,199000000000.0,196000000000.0
2017-10-17,-1.2371263540000002,11.51,11.65,11.48,11.62,11.59,0.0,-0.6903,0.2993,50637234.0,585333998.3,198000000000.0,195000000000.0
2017-10-18,-0.9778026799999995,11.69,11.7,11.51,11.53,11.51,1.0,1.5639,0.5151,87136536.0,1011050928.0,201000000000.0,198000000000.0
2017-10-19,-1.561388474,11.63,11.72,11.57,11.64,11.69,0.0,-0.5133,0.4272,72276482.0,841546799.4,200000000000.0,197000000000.0
2017-10-20,-0.6910044040000001,11.48,11.59,11.41,11.59,11.63,0.0,-1.2898,0.273,46180808.0,529747048.2,197000000000.0,194000000000.0
2017-10-23,-0.6810817520000005,11.19,11.4,11.15,11.39,11.48,0.0,-2.5261,0.6351,107446502.0,1206888282.0,192000000000.0,189000000000.0
2017-10-24,-0.5945211080000001,11.39,11.42,11.18,11.2,11.19,1.0,1.7873,0.3658,61887194.0,700896871.8,196000000000.0,193000000000.0
2017-10-25,-3.0803945200000005,11.27,11.37,11.25,11.36,11.39,0.0,-1.0536,0.2474,41857360.0,472708177.9,194000000000.0,191000000000.0
2017-10-26,-0.9403565979999999,11.18,11.32,11.12,11.25,11.27,0.0,-0.7986,0.5491,92899607.0,1041707023.0,192000000000.0,189000000000.0
2017-10-27,-1.2767934840000001,11.56,11.56,11.18,11.19,11.18,1.0,3.3989,0.8039,136008642.0,1548543732.0,198000000000.0,196000000000.0
2017-10-30,-1.138568832,11.56,11.73,11.45,11.55,11.56,0.0,0.0,0.7556,127824694.0,1484495473.0,198000000000.0,196000000000.0
2017-10-31,-0.16693854599999958,11.54,11.58,11.39,11.55,11.56,0.0,-0.173,0.3709,62749138.0,721237474.2,198000000000.0,195000000000.0
2017-11-10,-1.1072676640000005,12.3,12.55,12.15,12.37,12.33,0.0,-0.2433,1.0389,175755227.0,2167126598.0,211000000000.0,208000000000.0
2017-11-13,-1.924364968,12.9,13.1,12.35,12.35,12.3,1.0,4.878,1.5173,256690623.0,3307955289.0,221000000000.0,218000000000.0
2017-11-14,-1.595901118,12.95,13.26,12.81,12.95,12.9,1.0,0.3876,1.0523,178030247.0,2318092534.0,222000000000.0,219000000000.0
2017-11-15,-0.052978094000000725,12.9,13.13,12.77,12.9,12.95,0.0,-0.3861,0.7466,126305227.0,1627912725.0,221000000000.0,218000000000.0
2017-11-16,-1.7771341200000002,13.1,13.12,12.67,12.9,12.9,1.0,1.5504,0.7098,120081480.0,1550701791.0,225000000000.0,222000000000.0
2017-11-17,-1.63095545,13.18,13.46,13.03,13.17,13.1,1.0,0.6107,1.2201,206414972.0,2731215934.0,226000000000.0,223000000000.0
2017-11-20,-1.9073479919999998,14.25,14.25,13.05,13.13,13.18,1.0,8.1184,1.681,284392582.0,3860145473.0,245000000000.0,241000000000.0
2017-11-21,0.36752193999999994,14.45,14.79,14.01,14.07,14.25,1.0,1.4035,1.475,249532781.0,3609849025.0,248000000000.0,244000000000.0
2017-11-22,-2.005364566,15.1,15.24,14.48,14.48,14.45,1.0,4.4983,1.5192,257023146.0,3839501154.0,259000000000.0,255000000000.0
2017-11-23,0.24734913400000014,14.35,15.24,14.07,15.15,15.1,0.0,-4.9669,1.4358,242914214.0,3562843400.0,246000000000.0,243000000000.0
2017-11-24,-0.41927028199999994,14.56,14.59,13.78,14.29,14.35,1.0,1.4634,1.5547,263018967.0,3732597276.0,250000000000.0,246000000000.0
2017-11-27,0.6336261539999994,13.93,14.3,13.75,14.3,14.56,0.0,-4.3269,1.2201,206408533.0,2878491901.0,239000000000.0,236000000000.0
2017-11-28,-0.6241139180000002,13.7,13.85,13.4,13.85,13.93,0.0,-1.6511,1.0441,176643250.0,2396540133.0,235000000000.0,232000000000.0
2017-11-29,-2.203375406,13.82,13.93,13.47,13.73,13.7,1.0,0.8759,0.9245,156409493.0,2148312655.0,237000000000.0,234000000000.0
2017-11-30,1.1534027119999997,13.38,13.73,13.26,13.7,13.82,0.0,-3.1838,0.8155,137963571.0,1866700885.0,230000000000.0,226000000000.0
2017-12-11,-1.9147103100000002,13.5,13.57,12.88,13.08,13.09,1.0,3.1322,1.337,226195273.0,2980735572.0,232000000000.0,228000000000.0
2017-12-12,-1.5980835300000003,13.02,13.48,13.02,13.4,13.5,0.0,-3.5556,1.0305,174340579.0,2302354902.0,224000000000.0,220000000000.0
2017-12-13,-0.9732498580000013,13.13,13.2,12.88,13.0,13.02,1.0,0.8449,0.7621,128924811.0,1679022036.0,225000000000.0,222000000000.0
2017-12-14,-2.5957548240000006,13.0,13.31,12.91,13.15,13.13,0.0,-0.9901,0.5923,100199798.0,1311131918.0,223000000000.0,220000000000.0
2017-12-15,-1.2949449499999997,12.72,12.93,12.67,12.9,13.0,0.0,-2.1538,0.6502,109995250.0,1405372004.0,218000000000.0,215000000000.0
2017-12-18,1.2265044739999988,12.75,12.91,12.64,12.73,12.72,1.0,0.2358,0.4761,80546452.0,1029422753.0,219000000000.0,216000000000.0
2017-12-19,0.029477835999998814,13.28,13.32,12.74,12.79,12.75,1.0,4.1569,1.4174,239794295.0,3138687566.0,228000000000.0,225000000000.0
2017-12-20,-0.05384139799999982,13.26,13.31,13.13,13.2,13.28,0.0,-0.1506,0.6539,110624507.0,1463802117.0,228000000000.0,224000000000.0
2017-12-21,-0.5782346839999999,13.54,13.68,13.16,13.18,13.26,1.0,2.1116,0.8779,148520344.0,2005617684.0,232000000000.0,229000000000.0
2017-12-22,-0.0626034380000009,13.52,13.63,13.45,13.5,13.54,0.0,-0.1477,0.4391,74290095.0,1004525769.0,232000000000.0,229000000000.0
2017-12-25,1.3214382719999986,13.25,13.86,13.16,13.52,13.52,0.0,-1.997,0.9372,158556718.0,2145040658.0,228000000000.0,224000000000.0
2017-12-26,0.5495630359999986,13.66,13.69,13.19,13.26,13.25,1.0,3.0943,0.6642,112368845.0,1510826264.0,235000000000.0,231000000000.0
2017-12-27,-0.9752722140000001,13.29,13.78,13.19,13.58,13.66,0.0,-2.7086,0.8078,136656673.0,1848165006.0,228000000000.0,225000000000.0
2017-12-28,0.6587310740000003,13.21,13.46,13.02,13.28,13.29,0.0,-0.602,0.918,155303047.0,2052944539.0,227000000000.0,223000000000.0
2017-12-29,-1.3168157480000002,13.3,13.43,13.1,13.21,13.21,1.0,0.6813,0.581,98291553.0,1303222040.0,228000000000.0,225000000000.0
